Attribute,Description,Valid Values,DependsOn,Properties,Required,Parent,DependsOn Component,Source,Validation Rules,columnType,module
study,Study,"3Dchromatin, ABC-DS, Abeta_microglia, ACOM, ACT, AD_ADRD_Exposome, AD-BXD, ADAMTS7, ADAtlas_Archive, ADMC_ADNI_BakerLipidomics, ADMC_ADNI_Biocrates_MxP_Q500, ADMC_ADNI_NightingaleNMR, ADMC_ADNI_UHawaiiGutMetabolites, ADMC_ADNI1, ADMC_ADNI2-GO, ADMC_UPenn, Aging-PheWAS, AGMP_ANIMAL_MODELS, AGMP_TULSA_1000_LIBR, AMP-AD_DiverseCohorts, APOE-TR, APOE4_Myelination, APOEPSC, Banner, BCM-DMAS, BipSeq, BLSA, BPSD_AD_AnimalStudy_NU, BrainGVEX, BroadAstrom109, BroadiPSC, BroadMDMi, CHDWB, CMC, CMC_HBCC, CMC-PEC, CNON, CUMC_Compounds_Microglia, DAM Models_CU, DiCAD, diseasePseudotime, DukeAD_PTSD, ELPSCRNA, Emory_ADRC, EmoryDrosophilaTau, EpiGABA, EpiMap, eQTLmetaAnalysis, FreshMicro, HBI_scRNAseq, HBTRC, HDAC1-cKOBrain, HumanFC, IL10_APPmouse, iNiAstshRNA, IntegrativePathwayAnalysis, iPSC, iPSC-HiC, iPSCAstrocytes, iPSCMicroglia, ISB_Taner_CollagenDomain, ISB_Taner_Cxcl10, ISB_Taner_PTN_MDK, ISB_Taner_sIL10r_sIL4r, ISB_Taner_TGFbeta, Jax.IU.Pitt_APOE4.Trem2.R47H, Jax.IU.Pitt_APP.PS1, Jax.IU.Pitt_Levetiracetam-5XFAD, Jax.IU.Pitt_LOAD2.PrimaryScreen, Jax.IU.Pitt_MicrobiomePilot, Jax.IU.Pitt_PrimaryScreen, Jax.IU.Pitt_StrainValidation, Jax.IU.Pitt_Verubecestat_5XFAD, Jax.IU.Pitt.Proteomics_Metabolomics_Pilot, LBP, LillyMicroglia, LLFS, lncRNA Pilot, MARS WISCONSIN, MayoeGWAS, MayoHippocampus, MayoLOADGWAS, MayoPilotRNAseq, MayoRNAseq, mCITE-Seq, MC_snRNA, MC-BrAD, MC-CAA, MCMPS, MEF2_Resilience, MindPhenomeKB, miR155, MIT_ROSMAP_Multiomics, MOA-PAD, MODEL-AD_5XFAD, MODEL-AD_Abca7_APOE4_Trem2, MODEL-AD_APOE4_KI, MODEL-AD_APOE4_Trem2, MODEL-AD_Ceacam_KO_APOE4_Trem2, MODEL-AD_hAbeta_KI, MODEL-AD_Harmonization, MODEL-AD_hCR1_KI_on_APOE4_Trem2, MODEL-AD_hTau_Trem2, MODEL-AD_Il1rapKO_APOE4_Trem2_exon2KO, MODEL-AD_Mthfr_APOE4_Trem2, MODEL-AD_Rat_F344, MODEL-AD_Trem2_R47H, MouseHAL, MRGWAS, MSBB, MSBB_ArrayTissuePanel, MSDM, MSMM, MSSMiPSC, mtDNA_AD, NAPS, NHP-Chimpanzee, NHP-Macaque, NPS-AD, OFMM, omicsADDS, Organoid_scRNAseq, Plxnb1_KO, RADEL, RNAseq_Harmonization, rnaSeqReprocessing, rnaSeqSampleSwap, ROSMAP, ROSMAP_bsSeq, ROSMAP_CellTypeSpecificHA, ROSMAP_CognitiveResilience, ROSMAP_Lipidomics_Emory, ROSMAP_MammillaryBody, ROSMAP_nucleus_hashing, ROSMAP-IA, ROSMAP-IN, RR_APOE4, scRNAseq_microglia_wild_ADmice, SEA-AD, SMIB-AD, snRNAseqAD_TREM2, StJude_BannerSun, SUNYStrokeModel, SuperAgerEpiMap, SV_xQTL, SWS, SY5Y_Emory, SY5Y_REST, TASTPM, TAUAPPms, TauD35, Trisomy21iN, TS-RNAseq, TWAS, TyrobpKO, TyrobpKO_AppPs1, U1-70_PrimaryCellCulture, UAB_ADRC, UCI_3xTg-AD, UCI_ABCA7, UCI_Apoe-Ch, UCI_BIN1, UCI_CCLines, UCI_Microbiome, UCI_Multiomics, UCI_PrimaryScreen, UCI_StrainValidation, UCI_Trem2_Cuprizone, UCI_Trem2-R47H_NSS, UCLA-ASD, UCSF_MAC, UFLOR_ABI3_GNGT2, UPenn, VirusResilience_Banner, VirusResilience_iPSC, VirusResilience_LCL, VirusResilience_Mayo.MSBB.ROSMAP, VMC, WallOfTargets, WGBS Pilot, WGS_Harmonization, WHICAP_Immunoprofiling, Yale-ASD",,,TRUE,ManifestColumn,,sage.annotations-neuro.study-0.0.57,,string,ADKP
3Dchromatin,The neuronal and glial 3D chromatin architecture study,,,,,study,,https://www.synapse.org/#!Synapse:syn21754060,,string,ADKP
ABC-DS,The Alzheimer's Biomarkers Consortium - Down Syndrome (ABC-DS) Study,,,,,study,,https://adknowledgeportal.synapse.org/Explore/Studies/DetailsPage?Study=syn38190930,,string,ADKP
Abeta_microglia,The differential transcriptomic responses of microglia to Ab peptide aggregates (Abeta_microglia) study,,,,,study,,https://adknowledgeportal.synapse.org/Explore/Studies/DetailsPage?Study=syn24828089,,string,ADKP
ACOM,The apoE effects in iPSC-derived Alzheimer's disease cerebral organoid model study,,,,,study,,https://www.synapse.org/#!Synapse:syn21680862,,string,ADKP
ACT,Adult Changes in Thought,,,,,study,,hhttps://adknowledgeportal.synapse.org/Explore/Studies/DetailsPage?Study=syn5759376,,string,ADKP
AD_ADRD_Exposome,The Exposome-wide association study of AD/ADRD across the UK Biobank and Framingham Heart Study cohorts (AD_ADRD_Exposome),,,,,study,,https://adknowledgeportal.synapse.org/Explore/Studies/DetailsPage?Study=syn26438246,,string,ADKP
ADAMTS7,The Characterization of gene associations with aging-related traits with a genetically-predicted transcriptome-wide association study (TWAS),,,,,study,,https://adknowledgeportal.synapse.org/Explore/Studies/DetailsPage?Study=syn26969078,,string,ADKP
ADAtlas_Archive,The Integrated Molecular Atlas of Alzheimer's Disease Archive (ADAtlas_Archive),,,,,study,,https://adknowledgeportal.synapse.org/Explore/Studies/DetailsPage?Study=syn38188085,,string,ADKP
AD-BXD,The AD-BXD study,,,,,study,,https://adknowledgeportal.synapse.org/Explore/Studies/DetailsPage?Study=syn17016211,,string,ADKP
ADMC_ADNI1,Metabolomics and lipidomics of the AD metabolome as well as imaging from ADNI,,,,,study,,https://www.synapse.org/#!Synapse:syn5592519,,string,ADKP
ADMC_ADNI2-GO,"Clinical, imaging, genetic, and biochemical biomarker characteristics of the entire spectrum of Alzheimer's disease (AD)",,,,,study,,https://www.synapse.org/#!Synapse:syn9705278,,string,ADKP
ADMC_ADNI_BakerLipidomics,The Alzheimer's Disease Metabolomics Consortium Alzheimer's Disease Neuroimaging Initiative Baker Heart Targeted Lipidomics (ADMC_ADNI_BakerLipidomics) Study,,,,,study,,https://www.synapse.org/#!Synapse:syn24989039,,string,ADKP
ADMC_ADNI_Biocrates_MxP_Q500, The Alzheimer's Disease Metabolomics Consortium Longitudinal Alzheimer’s Disease Neuroimaging Initiative Q500 Biocrates Metabolites (ADMCLongitudinalADNIQ500Biocrates) Study,,,,,study,,https://adknowledgeportal.synapse.org/Explore/Studies/DetailsPage?Study=syn52047688,,string,ADKP
ADMC_ADNI_NightingaleNMR,The Alzheimer's Disease Metabolomics Consortium Alzheimer's Disease Neuroimaging Initiative Nightingale NMR (ADMC_ADNI_NightingaleNMR) Study,,,,,study,,https://www.synapse.org/#!Synapse:syn23557831,,string,ADKP
ADMC_ADNI_UHawaiiGutMetabolites,The Alzheimer's Disease Metabolomics Consortium Alzheimer's Disease Neuroimaging Initiative University of Hawaii Gut Metabolites (ADMC_ADNI_UHawaiiGutMetabolites) Study,,,,,study,,https://adknowledgeportal.synapse.org/Explore/Studies/DetailsPage?Study=syn31513378,,string,ADKP
ADMC_UPenn,Metabolomics on AD,,,,,study,,https://www.synapse.org/#!Synapse:syn9705311,,string,ADKP
Aging-PheWAS,Characterization of gene associations with aging-related traits with a genetically-predicted transcriptome-wide association study (TWAS),,,,,study,,https://adknowledgeportal.synapse.org/Explore/Studies/DetailsPage?Study=syn26720399,,string,ADKP
AGMP_ANIMAL_MODELS,The Mechanistic Studies in Animal Models Study,,,,,study,,https://adknowledgeportal.synapse.org/Explore/Studies/DetailsPage?Study=syn63660568,,string,ADKP
AGMP_TULSA_1000_LIBR,A naturalistic study protocol for multilevel assessment and outcome prediction in a large psychiatric sample (AGMP_TULSA_1000_LIBR),,,,,study,,https://adknowledgeportal.synapse.org/Explore/Studies/DetailsPage?Study=syn53239117,,string,ADKP
AMP-AD_DiverseCohorts,The Accelerating Medicines Partnership Alzheimer's Disease Diverse Cohorts Study (AMP-AD_DiverseCohorts),,,,,study,,https://adknowledgeportal.synapse.org/Explore/Studies/DetailsPage?Study=syn51732482,,string,ADKP
APOE4_Myelination,The APOE4 Myelination (APOE4_Myelination) Study,,,,,study,,https://adknowledgeportal.synapse.org/Explore/Studies/DetailsPage?Study=syn44424170,,string,ADKP
APOEPSC,The impact of APOE on aging-related conditions in human iPSC models (APOEPSC) study,,,,,study,,https://adknowledgeportal.synapse.org/Explore/Studies/DetailsPage?Study=syn25914209,,string,ADKP
APOE-TR,APOE Targeted Replacement,,,,,study,,https://www.synapse.org/#!Synapse:syn8391648,,string,ADKP
ATP6V1A_kd,The ATP6V1A knockdown in hIPSC neurons (ATP6V1A_kd) study,,,,,study,,https://www.synapse.org/#!Synapse:syn52201354,,string,ADKP
Banner,Banner Sun Health Research Institute's Brain and Body Donation Program,,,,,study,,https://www.synapse.org/#!Synapse:syn7170616,,string,ADKP
BCM-DMAS,Baylor Drosophila Model Aging Study (BCM-DMAS),,,,,study,,https://adknowledgeportal.synapse.org/Explore/Studies/DetailsPage?Study=syn34767207,,string,ADKP
BEAM,Brain Energy for Amyloid transformation In Alzheimer's disease (BEAM) study,,,,,study,,https://www.synapse.org/#!Synapse:syn51104591,,string,ADKP
BipSeq,RNA Sequencing of the limbic system in bipolar disorder,,,,,study,,https://www.synapse.org/#!Synapse:syn5844980,,string,ADKP
BLSA,Baltimore Longitudinal Study on Aging,,,,,study,,https://www.synapse.org/#!Synapse:syn3606086,,string,ADKP
BPSD_AD_AnimalStudy_NU,Molecular mechanisms underlying behavioral and psychological symptoms in Alzheimer's disease (BPSD_AD_AnimalStudy_NU),,,,,study,,https://adknowledgeportal.synapse.org/Explore/Studies/DetailsPage?Study=syn26234114,,string,ADKP
BrainGVEX,Genetic Variants effect on Brain Gene eXpression,,,,,study,,https://www.synapse.org/#!Synapse:syn4590909,,string,ADKP
BroadAstrom109,Primary astrocytes and iPSC derived neurons,,,,,study,,https://www.synapse.org/#!Synapse:syn7204912,,string,ADKP
BroadiPSC,iPSC derived forebrain neurons,,,,,study,,https://www.synapse.org/#!Synapse:syn3607401,,string,ADKP
BroadMDMi,A novel human in vitro microglia-like model,,,,,study,,https://www.synapse.org/#!Synapse:syn3607404,,string,ADKP
CHDWB,"Clinical, metabolomic, and gene expression data of controls",,,,,study,,https://www.synapse.org/#!Synapse:syn8272982,,string,ADKP
CMC,CommonMind Consortium,,,,,study,,https://www.synapse.org/#!Synapse:syn2759792/wiki/69613,,string,ADKP
CMC_HBCC,The CommonMind Consortium Human Brain Collection Core Cohort,,,,,study,,,,string,ADKP
CMC-PEC,Data from the CMC cohorts funded through PsychENCODE grants,,,,,study,,https://www.synapse.org/#!Synapse:syn21961394,,string,ADKP
CNON,Cultured Neuronal cells derived from Olfactory Neuroepithelium,,,,,study,,https://www.synapse.org/#!Synapse:syn4590897,,string,ADKP
CUMC_Compounds_Microglia,The CUMC Study for Compounds Polarizing Human Microglial Subtypes,,,,,study,,https://adknowledgeportal.synapse.org/Explore/Studies/DetailsPage?Study=syn53124928,,string,ADKP
DAM Models_CU,The De Jager_CUMC_Development of a Human Disease-associated Microglia Model System Study,,,,,study,,https://adknowledgeportal.synapse.org/Explore/Studies/DetailsPage/StudyDetails?Study=syn64332552,,string,ADKP
DiCAD,"Interdisciplinary Research to Understand the Interplay of Diabetes, Cerebrovascular disease and Alzheimer's disease",,,,,study,,https://www.synapse.org/#!Synapse:syn9944859,,string,ADKP
diseasePseudotime,The diseasePseudotime study,,,,,study,,https://www.synapse.org/#!Synapse:syn22822673,,string,ADKP
DukeAD_PTSD,"The Duke Study of Shared Genetic, Epigenetic, and Transcriptomic Profiles Between AD and PTSD study",,,,,study,,https://www.synapse.org/#!Synapse:syn23585917,,string,ADKP
ELPSCRNA,Single cell transcriptomic analysis of PBMCs in Extreme Longevity,,,,,study,,https://adknowledgeportal.synapse.org/Explore/Studies/DetailsPage?Study=syn26067509,,string,ADKP
Emory_ADRC,Emory Alzheimer's Disease Research Center,,,,,study,,https://www.synapse.org/#!Synapse:syn3218563,,string,ADKP
EmoryDrosophilaTau,Emory Drosophila Tau model,,,,,study,,https://www.synapse.org/#!Synapse:syn7274101,,string,ADKP
EpiGABA,GABA Epigenomes in Autism,,,,,study,,https://www.synapse.org/#!Synapse:syn4588488,,string,ADKP
EpiMap,Epigenetic Map in neuropsychiatric control tissue,,,,,study,,https://www.synapse.org/#!Synapse:syn4566010,,string,ADKP
eQTLmetaAnalysis,The eQTL Meta-Analysis Study,,,,,study,,https://adknowledgeportal.synapse.org/Explore/Studies/DetailsPage?Study=syn25398075,,string,ADKP
FreshMicro,The Fresh Microglia Regulome Study,,,,,study,,https://adknowledgeportal.synapse.org/Explore/Studies/DetailsPage?Study=syn25671134,,string,ADKP
HBI_scRNAseq,The human brain immunity scRNAseq study (HBI_scRNAseq),,,,,study,,https://www.synapse.org/#!Synapse:syn24168322,,string,ADKP
HBTRC,Harvard Brain Tissue Resource Center,,,,,study,,https://www.synapse.org/#!Synapse:syn3159435,,string,ADKP
HDAC1-cKOBrain,HDAC1 expression in the brain,,,,,study,,https://www.synapse.org/#!Synapse:syn5987310,,string,ADKP
HumanFC,Decoding schizophrenia-From GWAS to functional regulatory variants,,,,,study,,https://www.synapse.org/#!Synapse:syn5321694,,string,ADKP
IL10_APPmouse,IL10 overexpression in APP mouse,,,,,study,,https://www.synapse.org/#!Synapse:syn3157175,,string,ADKP
iNiAstshRNA,Targeting of LOAD candidate genes via shRNA in human neurons and astrocytes,,,,,study,,https://adknowledgeportal.synapse.org/Explore/Studies/DetailsPage?Study=syn52167912,,string,ADKP
IntegrativePathwayAnalysis,The Integrative Metabolomics-Genomics Pathway Analysis Study (IntegrativePathwayAnalysis),,,,,study,,https://adknowledgeportal.synapse.org/Explore/Studies/DetailsPage?Study=syn25474536,,string,ADKP
iPSC,Gene regulatory elements and transcriptome in iPSCs and postmortem human cortex,,,,,study,,https://www.synapse.org/#!Synapse:syn4590910,,string,ADKP
iPSCAstrocytes,The MSSM iPSCAstrocytes study,,,,,study,,https://www.synapse.org/#!Synapse:syn10344967,,string,ADKP
iPSC-HiC,Human induced pluripotent stem cells (hiPSCs).,,,,,study,,https://www.synapse.org/#!Synapse:syn12979149,,string,ADKP
iPSCMicroglia,iPSC derived microglia,,,,,study,,https://www.synapse.org/#!Synapse:syn7203233,,string,ADKP
ISB_Taner_CollagenDomain,The A C1qTNF3 collagen domain fusion chaperones diverse secreted proteins and anti-Aβ scFvs: Applications for gene therapies Study,,,,,study,,https://adknowledgeportal.synapse.org/Explore/Studies/DetailsPage?Study=syn64735933,,string,ADKP
ISB_Taner_Cxcl10,The Cxcl10 overexpression in a transgenic model of Alzheimer’s disease Study,,,,,study,,https://adknowledgeportal.synapse.org/Explore/Studies/DetailsPage?Study=syn64735934,,string,ADKP
ISB_Taner_PTN_MDK,The Integrative proteomics identifies a conserved Aβ amyloid responsome and novel plaque proteins and pathology modifiers in Alzheimer's disease Study,,,,,study,,https://adknowledgeportal.synapse.org/Explore/Studies/DetailsPage?Study=syn64735936,,string,ADKP
ISB_Taner_sIL10r_sIL4r,The Antagonizing Il10 and Il4 signaling via intracerebral decoy receptor expression attenuates Aβ accumulation Study,,,,,study,,https://adknowledgeportal.synapse.org/Explore/Studies/DetailsPage?Study=syn64735935,,string,ADKP
ISB_Taner_TGFbeta,The TGFbeta overexpression in a transgenic model of Alzheimer’s disease Study,,,,,study,,https://adknowledgeportal.synapse.org/Explore/Studies/DetailsPage?Study=syn64735937,,string,ADKP
Jax.IU.Pitt_APOE4.Trem2.R47H,The Jax.IU.Pitt_APOE4.Trem2.R47H Study,,,,,study,,https://adknowledgeportal.synapse.org/Explore/Studies/DetailsPage?Study=syn17095980,,string,ADKP
Jax.IU.Pitt_APP.PS1,Jax.IU.Pitt_APP.PS1 study -- previously referred to as MODEL-AD_APPPS1 and JAX_APPPS1,,,,,study,,https://www.synapse.org/#!Synapse:syn9850001,,string,ADKP
Jax.IU.Pitt_Levetiracetam-5XFAD,The Jax.IU.Pitt_Levetiracetam-5XFAD Study,,,,,study,,https://adknowledgeportal.synapse.org/Explore/Studies/DetailsPage/StudyDetails?Study=syn21784897,,string,ADKP
Jax.IU.Pitt_LOAD2.PrimaryScreen,The Jax.IU.Pitt LOAD2 PrimaryScreen Study,,,,,study,,https://adknowledgeportal.synapse.org/Explore/Studies/DetailsPage/StudyDetails?Study=syn58863147,,string,ADKP
Jax.IU.Pitt_MicrobiomePilot,Jax.IU.Pitt_MicrobiomePilot,,,,,study,,https://www.synapse.org/#!Synapse:syn22341543,,string,ADKP
Jax.IU.Pitt_PrimaryScreen,Primary screen data from the Jax.IU.Pitt MODEL-AD grant,,,,,study,,https://www.synapse.org/#!Synapse:syn21595258,,string,ADKP
Jax.IU.Pitt.Proteomics_Metabolomics_Pilot,Jax.IU.Pitt.Proteomics_Metabolomics_Pilot,,,,,study,,https://www.synapse.org/#!Synapse:syn22313528,,string,ADKP
Jax.IU.Pitt_StrainValidation,Strain validation data from the Jax.IU.Pitt MODEL-AD grant,,,,,study,,https://www.synapse.org/#!Synapse:syn21595255,,string,ADKP
Jax.IU.Pitt_Verubecestat_5XFAD,Data from 5XFAD mice treated with verubecestat from the Jax.IU.Pitt MODEL-AD grant,,,,,study,,https://adknowledgeportal.synapse.org/Explore/Studies/DetailsPage?Study=syn21863375,,string,ADKP
LBP,The Living Brain Project Study,,,,,study,,https://adknowledgeportal.synapse.org/Explore/Studies/DetailsPage?Study=syn26337520,,string,ADKP
LillyMicroglia,Microglia gene profiling in the rTg4510 tauopathy mouse model,,,,,study,,https://www.synapse.org/#!Synapse:syn5478323,,string,ADKP
LLFS,The Long Life Family Study,,,,,study,,https://adknowledgeportal.synapse.org/Explore/Studies/DetailsPage?Study=syn26229161,,string,ADKP
lncRNA Pilot,long non-coding RNA pilot,,,,,study,,https://www.synapse.org/#!Synapse:syn4588462,,string,ADKP
MayoeGWAS,Gene expression from the Illumina Whole Genome DASL array,,,,,study,,https://www.synapse.org/#!Synapse:syn3157225,,string,ADKP
MayoHippocampus,The Mayo Clinic Hippocampal Vulnerability Study (MayoHippocampus),,,,,study,,https://adknowledgeportal.synapse.org/Explore/Studies/DetailsPage?Study=syn32141161,,string,ADKP
MayoLOADGWAS,Mayo Clinic LOAD genome-wide association and brain gene expression studies,,,,,study,,https://www.synapse.org/#!Synapse:syn2910256,,string,ADKP
MayoPilotRNAseq,RNAseq on a subset of MayoEGWAS,,,,,study,,https://www.synapse.org/#!Synapse:syn3157268,,string,ADKP
MayoRNAseq,Mayo RNAseq study,,,,,study,,https://www.synapse.org/#!Synapse:syn5550404,,string,ADKP
mCITE-Seq,The mCITE-Seq – Columbia University Study,,,,,study,,https://adknowledgeportal.synapse.org/Explore/Studies/DetailsPage?Study=syn64695340,,string,ADKP
MC-BrAD,Mayo Clinic Brain Molecular Signatures of Resilience to Alzheimer's Disease,,,,,study,,https://adknowledgeportal.synapse.org/Explore/Studies/DetailsPage?Study=syn51298412,,string,ADKP
MC-CAA,RNAseq data on cerebral amyloid angiopathy (CAA) pathology,,,,,study,,https://www.synapse.org/#!Synapse:syn9779506,,string,ADKP
MCMPS,The Mayo Clinic Microglial Profiling Study (MCMPS),,,,,study,,https://adknowledgeportal.synapse.org/Explore/Studies/DetailsPage?Study=syn25879171,,string,ADKP
MC_snRNA,The Mayo Clinic Single Nucleus RNAseq Study (MC_snRNA),,,,,study,,https://adknowledgeportal.synapse.org/Explore/Studies/DetailsPage?Study=syn31511672,,string,ADKP
MEF2_Resilience,The MEF2 Neurodegenerative Resilience Study (MEF2_Resilience),,,,,study,,https://adknowledgeportal.synapse.org/Explore/Studies/DetailsPage?Study=syn25945732,,string,ADKP
MindPhenomeKB,A Phenotypic Knowledge Base to Study Genetic Links Between AD and Neuropsychatric Symptoms (MindPhenomeKB),,,,,study,,https://adknowledgeportal.synapse.org/Explore/Studies/DetailsPage?Study=syn25326405,,string,ADKP
miR155,"miR155 regulation of behavior, neuropathology, and cortical transcriptomics in Alzheimer Disease",,,,,study,,https://www.synapse.org/#!Synapse:syn22238772,,string,ADKP
MIT_ROSMAP_Multiomics,The MIT ROSMAP Single-Nucleus Multiomics Study,,,,,study,,https://adknowledgeportal.synapse.org/Explore/Studies/DetailsPage/StudyDetails?Study=syn52293417,,string,ADKP
MOA-PAD,Multi-omic analyses of psychosis in Alzheimer's disease,,,,,study,,https://www.synapse.org/#!Synapse:syn23538600,,string,ADKP
MODEL-AD_5XFAD,MODEL-AD 5XFAD Study,,,,,study,,https://www.synapse.org/#!Synapse:syn16798076,,string,ADKP
MODEL-AD_Abca7_APOE4_Trem2,MODEL-AD Abca7*A1527G/APOE4/Trem2*R47H Study,,,,,study,,https://www.synapse.org/#!Synapse:syn21075750,,string,ADKP
MODEL-AD_APOE4_KI,MODEL-AD APOE4 KI Study,,,,,study,,https://www.synapse.org/#!Synapse:syn18634456,,string,ADKP
MODEL-AD_APOE4_Trem2,MODEL-AD APOE4/Trem2*R47H Study,,,,,study,,https://www.synapse.org/#!Synapse:syn17095980,,string,ADKP
MODEL-AD_Ceacam_KO_APOE4_Trem2,MODEL-AD Ceacam1 KO/APOE4/Trem2*R47H Study,,,,,study,,https://www.synapse.org/#!Synapse:syn21075764,,string,ADKP
MODEL-AD_hAbeta_KI,MODEL-AD Humanized Abeta Knock-in Study,,,,,study,,https://www.synapse.org/#!Synapse:syn18634479,,string,ADKP
MODEL-AD_Harmonization,MODEL-AD Harmonization Study,,,,,study,,https://adknowledgeportal.synapse.org/Explore/Studies/DetailsPage?Study=syn25882591,,string,ADKP
MODEL-AD_hCR1_KI_on_APOE4_Trem2,MODEL-AD hCR1 KI on APOE4/Trem2 Study,,,,,study,,https://www.synapse.org/#!Synapse:syn21075863,,string,ADKP
MODEL-AD_hTau_Trem2,MODEL-AD hTau Trem2 Study,,,,,study,,https://www.synapse.org/#!Synapse:syn18693211,,string,ADKP
MODEL-AD_Il1rapKO_APOE4_Trem2_exon2KO,"MODEL-AD Il1rap KO/APOE4/Trem2*R47H, exon 2 KO Study",,,,,study,,https://www.synapse.org/#!Synapse:syn21075802,,string,ADKP
MODEL-AD_Mthfr_APOE4_Trem2,MODEL-AD Mthfr*C677T/APOE4/Trem2*R47H Study,,,,,study,,https://www.synapse.org/#!Synapse:syn21075850,,string,ADKP
MODEL-AD_Rat_F344,MODEL-AD Rat F344 Study,,,,,study,,https://www.synapse.org/#!Synapse:syn20730014,,string,ADKP
MODEL-AD_Trem2_R47H,MODEL-AD Trem2 R47H Study,,,,,study,,https://www.synapse.org/#!Synapse:syn18634477,,string,ADKP
MouseHAL,Chronic Haloperidol Effects on Gene Expression and Chromatin Accessibility in Mouse Brain,,,,,study,,https://www.synapse.org/#!Synapse:syn4590850,,string,ADKP
MRGWAS,Mendelian randomization of human longevity using genetically-predicted exposures from the GWAS catalog,,,,,study,,https://adknowledgeportal.synapse.org/Explore/Studies/DetailsPage?Study=syn26066886,,string,ADKP
MSBB,Mount Sinai Brain Bank AD Cohort,,,,,study,,https://www.synapse.org/#!Synapse:syn3159438,,string,ADKP
MSBB_ArrayTissuePanel,Expression array and coexpression networks on 19 brain regions,,,,,study,,https://www.synapse.org/#!Synapse:syn3157699,,string,ADKP
MSDM,Mount Sinai Drosophila Melanogaster,,,,,study,,https://www.synapse.org/#!Synapse:syn4587607,,string,ADKP
MSMM,Mount Sinai Mouse Models,,,,,study,,https://www.synapse.org/#!Synapse:syn5477220,,string,ADKP
MSSMiPSC,iPSC derived hiPSC forebrain neurons and NPCs,,,,,study,,https://www.synapse.org/#!Synapse:syn5986884,,string,ADKP
mtDNA_AD,The Mitochondrial DNA in Aging and AD (mtDNA_AD) Study,,,,,study,,https://adknowledgeportal.synapse.org/Explore/Studies/DetailsPage?Study=syn25705287,,string,ADKP
NAPS,The Neurodegeneration-Associated Psychiatric Syndromes (NAPS) study,,,,,study,,https://www.synapse.org/#!Synapse:syn23633760,,string,ADKP
NHP-Chimpanzee,Chimpanzee data,,,,,study,,https://www.synapse.org/#!Synapse:syn7067053,,string,ADKP
NHP-Macaque,A transcription atlas of the rhesus monkey brain,,,,,study,,,,string,ADKP
NPS-AD,The Molecular Mechanisms of Neuropsychiatric Symptoms in Alzheimer Disease (NPS-AD) Study,,,,,study,,https://adknowledgeportal.synapse.org/Explore/Studies/DetailsPage/StudyDetails?Study=syn51197189,,string,ADKP
OFMM,,,,,,study,,,,string,ADKP
omicsADDS,Multiomic Studies of Alzheimer's Disease in Adults with Down Syndrome (omicsADDS),,,,,study,,https://adknowledgeportal.synapse.org/Explore/Studies/DetailsPage?Study=syn25533707,,string,ADKP
Organoid_scRNAseq,The AD cerebral organoid single-cell transcriptome study,,,,,study,,https://adknowledgeportal.synapse.org/Explore/Studies/DetailsPage?Study=syn26865580,,string,ADKP
Plxnb1_KO,The Plxnb1 Knockout Study (Plxnb1_KO),,,,,study,,https://adknowledgeportal.synapse.org/Explore/Studies/DetailsPage?Study=syn26453791,,string,ADKP
RADEL,The Resilience to Alzheimer Disease in Humans with Exceptional Longevity (RADEL) Study,,,,,study,,https://www.synapse.org/#!Synapse:syn23540132,,string,ADKP
RNAseq_Harmonization,The RNAseq Harmonization Study,,,,,study,,https://adknowledgeportal.synapse.org/Explore/Studies/DetailsPage?Study=syn21241740,,string,ADKP
rnaSeqReprocessing,"Re-aligned reads from the ROSMAP, MSBB, and MayoRNAseq studies",,,,,study,,https://www.synapse.org/#!Synapse:syn9702085,,string,ADKP
rnaSeqSampleSwap,RNAseq samples sequenced at multiple sites,,,,,study,,https://www.synapse.org/#!Synapse:syn5550419,,string,ADKP
ROSMAP,Religious Orders Study and Memory and Aging Project,,,,,study,,https://www.synapse.org/#!Synapse:syn3219045,,string,ADKP
ROSMAP_bsSeq,Targeted BS-seq on 150 randomly selected ROSMAP samples (ROSMAP_bsSeq),,,,,study,,https://adknowledgeportal.synapse.org/Explore/Studies/DetailsPage?Study=syn25832093,,string,ADKP
ROSMAP_CellTypeSpecificHA,The ROSMAP Cell-type Specific Histone Acetylation Study (ROSMAP_CellTypeSpecificHA),,,,,study,,https://adknowledgeportal.synapse.org/Explore/Studies/DetailsPage?Study=syn25832093,,string,ADKP
ROSMAP_CognitiveResilience,The ROSMAP_CognitiveResilience study,,,,,study,,https://www.synapse.org/#!Synapse:syn22695346,,string,ADKP
ROSMAP-IA,The ROSMAP iPSC-derived Astrocyte Study (ROSMAP-IA),,,,,study,,https://adknowledgeportal.synapse.org/Explore/Studies/DetailsPage/StudyDetails?Study=syn52383678,,string,ADKP
ROSMAP-IN,The ROSMAP-iPSC derived induced neurons (ROSMAP-IN) genomic data study,,,,,study,,https://www.synapse.org/#!Synapse:syn23564891,,string,ADKP
ROSMAP_Lipidomics_Emory,ROSMAP Lipidomics generated by Emory,,,,,study,,https://adknowledgeportal.synapse.org/Explore/Studies/DetailsPage?Study=syn26452612,,string,ADKP
ROSMAP_MammillaryBody,The ROSMAP Mammillary Body Study,,,,,study,,https://adknowledgeportal.synapse.org/Explore/Studies/DetailsPage?Study=syn50670858,,string,ADKP
ROSMAP_nucleus_hashing,The ROSMAP nucleus hashing study,,,,,study,,https://www.synapse.org/#!Synapse:syn22391827,,string,ADKP
RR_APOE4,The ROSMAP Resilience APOE4 study,,,,,study,,https://www.synapse.org/#!Synapse:syn23633750,,string,ADKP
scRNAseq_microglia_wild_ADmice,Microglia of wild-derived Alzheimer's mouse study (scRNAseq_microglia_wild_ADmice),,,,,study,,https://www.synapse.org/#!Synapse:syn23763501,,string,ADKP
SEA-AD,The Seattle Alzheimer's Disease Brain Cell Atlas (SEA-AD) Study,,,,,study,,https://adknowledgeportal.synapse.org/Explore/Studies/DetailsPage?Study=syn26223298,,string,ADKP
SMIB-AD,The Somatic Mutations in Brains of Alzheimer's Disease (SMIB-AD) Study,,,,,study,,https://www.synapse.org/#!Synapse:syn22278344,,string,ADKP
snRNAseqAD_TREM2,The TREM2-impact in Alzheimer's Disease Study,,,,,study,,https://www.synapse.org/#!Synapse:syn21125841/wiki/597278,,string,ADKP
StJude_BannerSun,The collaborative Banner Sun - St. Jude Alzheimer's disease and related dementias (StJude_BannerSun) study,,,,,study,,https://www.synapse.org/#!Synapse:syn21592732,,string,ADKP
SUNYStrokeModel,Mouse behavioral assays on stroke and AD models,,,,,study,,https://www.synapse.org/#!Synapse:syn7181520,,string,ADKP
SuperAgerEpiMap,The Super Ager EpiMap Study (SuperAgerEpiMap),,,,,study,,https://adknowledgeportal.synapse.org/Explore/Studies/DetailsPage?Study=syn25672226,,string,ADKP
SV_xQTL,The Structural Variation xQTL Study (SV_xQTL),,,,,study,,https://adknowledgeportal.synapse.org/Explore/Studies/DetailsPage?Study=syn26865111,,string,ADKP
SWS,Arivale-Providence Feasibility Study of Scientific Wellness (Scientific Wellness Study - SWS),,,,,study,,https://adknowledgeportal.synapse.org/Explore/Studies/DetailsPage?Study=syn25807950,,string,ADKP
SY5Y_Emory,APP/TAU transduced SY5Y cells,,,,,study,,https://www.synapse.org/#!Synapse:syn8513284,,string,ADKP
SY5Y_REST,LiCl treated SH-SY5Y cells,,,,,study,,https://www.synapse.org/#!Synapse:syn5987497,,string,ADKP
TASTPM,A double transgenic mouse model,,,,,study,,https://www.synapse.org/#!Synapse:syn5714307,,string,ADKP
TAUAPPms,Tau and APP mouse model,,,,,study,,https://www.synapse.org/#!Synapse:syn3157182,,string,ADKP
TauD35,Mouse tauopathy model,,,,,study,,https://www.synapse.org/#!Synapse:syn5714308,,string,ADKP
Trisomy21iN,Contributions of APP and DYRK1A to dysregulated neurobiology in human trisomy 21 iPSC-derived neurons,,,,,study,,https://adknowledgeportal.synapse.org/Explore/Studies/DetailsPage?Study=syn52159903,,string,ADKP
TS-RNAseq,Transcriptional Analysis of the Human Striatum in Tourette Syndrome,,,,,study,,https://www.synapse.org/#!Synapse:syn3158906,,string,ADKP
TWAS,Transcriptome-Wide Association Study (TWAS) in Alzheimer's Disease,,,,,study,,https://www.synapse.org/#!Synapse:syn22313785,,string,ADKP
TyrobpKO,Mouse Tyrobp KO model,,,,,study,,https://www.synapse.org/#!Synapse:syn7123287,,string,ADKP
TyrobpKO_AppPs1,TyrobpKO mice crossed with APP/PS1 tg,,,,,study,,https://www.synapse.org/#!Synapse:syn10378730,,string,ADKP
U1-70_PrimaryCellCulture,APP.PS1 and U1-70 transduced neurons,,,,,study,,https://www.synapse.org/#!Synapse:syn5820226,,string,ADKP
UAB_ADRC,The University of Alabama Birmingham Alzheimer Disease Research Center (UAB_ADRC) Study,,,,,study,,https://adknowledgeportal.synapse.org/Explore/Studies/DetailsPage/StudyDetails?Study=syn51226075,,string,ADKP
UCI_3xTg-AD,The UCI_3xTg-AD study,,,,,study,,https://www.synapse.org/#!Synapse:syn22964685,,string,ADKP
UCI_ABCA7,The UCI_ABCA7 Study,,,,,study,,https://adknowledgeportal.synapse.org/Explore/Studies/DetailsPage/StudyDetails?Study=syn27207345,,string,ADKP
UCI_Apoe-Ch,The UCI APOE Christchurch Study,,,,,study,,https://adknowledgeportal.synapse.org/Explore/Studies/DetailsPage/StudyDetails?Study=syn61250684,,string,ADKP
UCI_BIN1,The UCI_BIN1 Study,,,,,study,,https://adknowledgeportal.synapse.org/Explore/Studies/DetailsPage?Study=syn50944316,,string,ADKP
UCI_CCLines,The UCI Collaborative Cross Lines Study,,,,,study,,https://adknowledgeportal.synapse.org/Explore/Studies/DetailsPage/StudyDetails?Study=syn51713891,,string,ADKP
UCI_Microbiome,UCI_Microbiome,,,,,study,,https://www.synapse.org/#!Synapse:syn22341542,,string,ADKP
UCI_Multiomics,The UCI ADRC Multiomics Study,,,,,study,,https://adknowledgeportal.synapse.org/Explore/Studies/DetailsPage?Study=syn26670419,,string,ADKP
UCI_PrimaryScreen,Primary screen data from the UCI MODEL-AD grant (UCI_PrimaryScreen),,,,,study,,https://adknowledgeportal.synapse.org/Explore/Studies/DetailsPage?Study=syn25316706,,string,ADKP
UCI_StrainValidation,Strain validation data from the UCI MODEL-AD grant,,,,,study,,https://www.synapse.org/#!Synapse:syn21595257,,string,ADKP
UCI_Trem2_Cuprizone,The UCI_Trem2_Cuprizone Study,,,,,study,,https://adknowledgeportal.synapse.org/Explore/Studies/DetailsPage?Study=syn50670633,,string,ADKP
UCI_Trem2-R47H_NSS,The UCI_Trem2-R47H_NSS Study,,,,,study,,https://adknowledgeportal.synapse.org/Explore/Studies/DetailsPage?Study=syn26943950,,string,ADKP
UCLA-ASD,A study of samples from the Autism Tissue Program,,,,,study,,https://www.synapse.org/#!Synapse:syn4587609,,string,ADKP
UCSF_MAC,The UCSF Memory and Aging Center Study (UCSF_MAC),,,,,study,,https://adknowledgeportal.synapse.org/Explore/Studies/DetailsPage?Study=syn25686496,,string,ADKP
UFLOR_ABI3_GNGT2,Abi3/Gngt2 deletion influences amyloid B and tau pathologies (UFLOR_ABI3_GNGT2 Study),,,,,study,,https://adknowledgeportal.synapse.org/Explore/Studies/DetailsPage?Study=syn27056180,,string,ADKP
UPenn,Center for Neurodegenerative Disease Research at the Perelman School of Medicine of the University of Pennsylvania,,,,,study,,https://www.synapse.org/#!Synapse:syn5477237,,string,ADKP
VirusResilience_Banner,"Virus Resilience, Banner cohort",,,,,study,,https://adknowledgeportal.synapse.org/Explore/Studies/DetailsPage?Study=syn25927764,,string,ADKP
VirusResilience_iPSC,"Virus Resilience, iPSC",,,,,study,,https://adknowledgeportal.synapse.org/Explore/Studies/DetailsPage?Study=syn25927676,,string,ADKP
VirusResilience_LCL,"Virus Resilience, LCL",,,,,study,,https://adknowledgeportal.synapse.org/Explore/Studies/DetailsPage?Study=syn25927416,,string,ADKP
VirusResilience_Mayo.MSBB.ROSMAP,"Brain Viral Profiling in the Mayo, MSBB, and ROSMAP Cohorts",,,,,study,,https://adknowledgeportal.synapse.org/Explore/Studies/DetailsPage?Study=syn25927532,,string,ADKP
VMC,The Vascular Mural Cell -derived ApoE Study,,,,,study,,https://www.synapse.org/#!Synapse:syn21624490,,string,ADKP
WallOfTargets,,,,,,study,,,,string,ADKP
WGBS Pilot,Whole Genome Bisulfite Sequencing pilot,,,,,study,,https://www.synapse.org/#!Synapse:syn4586517,,string,ADKP
WGS_Harmonization,The Whole Genome Sequence Harmonization Study (WGS_Harmonization),,,,,study,,https://adknowledgeportal.synapse.org/Explore/Studies/DetailsPage?Study=syn22264775,,string,ADKP
WHICAP_Immunoprofiling,The Immunoprofiling of PBMCs from the WHICAP cohort Study,,,,,study,,https://adknowledgeportal.synapse.org/Explore/Studies/DetailsPage?Study=syn64742631,,string,ADKP
Yale-ASD,Transcriptional and Epigenetic Signatures of Human Brain Development and Autism-,,,,,study,,https://www.synapse.org/#!Synapse:syn4566141,,string,ADKP
